NxN,Time,Parallelization,Location
10,0.0020008087158203125,True,pc
100,1.5473763942718506,True,pc
500,189.37962675094604,True,pc
1000,1813.6562440395355,True,pc
10,0.0030946731567382812,False,pc
100,2.003943681716919,False,pc
500,231.14334297180176,False,pc
1000,1811.3669521808624,False,pc
