NxN,Time,Parallelization,Location,mpi_size
10,0.039112091064453125,True,pc,2
100,1.4602372646331787,True,pc,2
500,170.45851612091064,True,pc,2
1000,1103.5922939777374,True,pc,2
10,0.00603938102722168,False,pc,2
100,2.370361328125,False,pc,2
500,261.90670013427734,False,pc,2
1000,2106.097992181778,False,pc,2
