NxN,Time,Parallelization,Location,mpi_size
10,0.0006425380706787109,True,cloudlab,4
100,0.2183372974395752,True,cloudlab,4
500,26.359883308410645,True,cloudlab,4
1000,212.42421412467957,True,cloudlab,4
